Feature Group,Summed |Coefficient|
Age,9.909460109604774
State,5.427835784878789
Race,1.7384839356094743
Income,0.959418932749991
Education,0.40269400379266
Sex,0.08724871867952783
