year,obesity_rate
2020,0.3285128421592734
2021,0.34042687079309897
2022,0.34460283672174724
2023,0.338386554633852
2024,0.34148427946202825
